<?xml version="1.0" encoding="utf-8"?>
<extension type="component" version="2.5.0" method="upgrade">
 
	<name>Standards</name>
	<!-- The following elements are optional and free of formatting constraints -->
	<creationDate>July 2012</creationDate>
	<author>Duc Ngo Viet</author>
	<authorEmail>duc.ngoviet@artd.ch</authorEmail>
	<authorUrl>http://artd.ch</authorUrl>
	<copyright>Copyright by artd webdesign GmbH (C) 2012. All rights reserved.</copyright>
	<license>GNU General Public License version 2 or later</license>
	<!--  The version string is recorded in the components table -->
	<version>0.0.1</version>
	<!-- The description is optional and defaults to the name -->
	<description>Description of the Standars component ...</description>
 
	<update> <!-- Runs on update; New in 2.5 -->
		<schemas>
			<schemapath type="mysql">sql/updates/mysql</schemapath>
		</schemas>
	</update>
 
	<!-- Site Main File Copy Section -->
	<!-- Note the folder attribute: This attribute describes the folder
		to copy FROM in the package to install therefore files copied
		in this section are copied from /site/ in the package -->
	<files folder="site">
		<filename>index.html</filename>
		<filename>standards.php</filename>
	</files>
 
	<administration>
		<!-- Administration Menu Section -->
		<menu>Standards</menu>
		<!-- Administration Main File Copy Section -->
		<!-- Note the folder attribute: This attribute describes the folder
			to copy FROM in the package to install therefore files copied
			in this section are copied from /admin/ in the package -->
		<files folder="admin">
			<!-- Admin Main File Copy Section -->
			<filename>index.html</filename>
			<filename>standards.php</filename>
			<!-- SQL files section -->
			<folder>sql</folder>
		</files>
	</administration>
 
</extension>